Epoch,Train Accuracy,Train Loss,Validation Accuracy,Validation Loss
1,0.5270018577575684,0.6973190307617188,0.626086950302124,0.6608548760414124
2,0.5828678011894226,0.6761966347694397,0.686956524848938,0.6446308493614197
3,0.601489782333374,0.6619784235954285,0.6608695387840271,0.6347816586494446
4,0.6443203091621399,0.6521931290626526,0.6521739363670349,0.6280919909477234
5,0.6554934978485107,0.6460540890693665,0.643478274345398,0.6267291307449341
6,0.6573556661605835,0.6407768726348877,0.643478274345398,0.6237555742263794
7,0.6554934978485107,0.6381915211677551,0.634782612323761,0.6235179305076599
8,0.6573556661605835,0.6361140608787537,0.634782612323761,0.6222352981567383
9,0.6573556661605835,0.6341239809989929,0.634782612323761,0.623654305934906
10,0.6573556661605835,0.6331654787063599,0.634782612323761,0.6247416734695435
11,0.6573556661605835,0.6327062845230103,0.634782612323761,0.6261189579963684
12,0.6573556661605835,0.6312704682350159,0.634782612323761,0.6244211792945862
13,0.659217894077301,0.6307392120361328,0.634782612323761,0.6246253252029419
14,0.6573556661605835,0.6300035119056702,0.634782612323761,0.6256272196769714
15,0.659217894077301,0.6292099952697754,0.634782612323761,0.6248133182525635
16,0.659217894077301,0.6285249590873718,0.634782612323761,0.624143123626709
17,0.659217894077301,0.6276118755340576,0.634782612323761,0.624135434627533
18,0.659217894077301,0.6274992227554321,0.634782612323761,0.6247281432151794
19,0.659217894077301,0.6266306042671204,0.634782612323761,0.6264573335647583
20,0.659217894077301,0.6254669427871704,0.634782612323761,0.6251588463783264
21,0.659217894077301,0.625194251537323,0.634782612323761,0.6255960464477539
22,0.659217894077301,0.6242997050285339,0.634782612323761,0.6239529252052307
23,0.659217894077301,0.6234122514724731,0.634782612323761,0.6245244741439819
24,0.659217894077301,0.6221819519996643,0.634782612323761,0.6253997683525085
25,0.6610800623893738,0.6214390993118286,0.634782612323761,0.6237950325012207
26,0.6610800623893738,0.6206090450286865,0.634782612323761,0.624570369720459
27,0.6610800623893738,0.6195129156112671,0.634782612323761,0.6248809099197388
28,0.6629422903060913,0.6186126470565796,0.634782612323761,0.6246829628944397
29,0.6629422903060913,0.6178505420684814,0.634782612323761,0.6253533959388733
30,0.6629422903060913,0.6170411109924316,0.626086950302124,0.6255109310150146
31,0.6629422903060913,0.6160861253738403,0.634782612323761,0.6252129077911377
32,0.6629422903060913,0.6151648163795471,0.626086950302124,0.625899076461792
33,0.6610800623893738,0.6143239736557007,0.626086950302124,0.6254573464393616
34,0.6648044586181641,0.613366425037384,0.626086950302124,0.6256546974182129
35,0.6648044586181641,0.6121865510940552,0.626086950302124,0.6261798739433289
36,0.6648044586181641,0.6115221977233887,0.626086950302124,0.6268166303634644
37,0.6648044586181641,0.6105092167854309,0.626086950302124,0.6256576776504517
38,0.6648044586181641,0.609719455242157,0.626086950302124,0.627170741558075
39,0.6648044586181641,0.6087981462478638,0.626086950302124,0.6265791058540344
40,0.6648044586181641,0.608025312423706,0.626086950302124,0.6271320581436157
41,0.6648044586181641,0.607151985168457,0.626086950302124,0.6274959444999695
42,0.6685288548469543,0.6065025925636292,0.626086950302124,0.6285505294799805
43,0.6703910827636719,0.6052290201187134,0.626086950302124,0.6283461451530457
44,0.6703910827636719,0.6048955321311951,0.626086950302124,0.6285877823829651
45,0.6703910827636719,0.6037551760673523,0.626086950302124,0.629439115524292
46,0.6703910827636719,0.6032797694206238,0.626086950302124,0.6287969946861267
47,0.6703910827636719,0.6022775769233704,0.626086950302124,0.6287907958030701
48,0.6685288548469543,0.6016714572906494,0.626086950302124,0.6298677325248718
49,0.6703910827636719,0.601129412651062,0.626086950302124,0.6307934522628784
50,0.6703910827636719,0.6001332402229309,0.626086950302124,0.6311790347099304
51,0.6685288548469543,0.5993222594261169,0.634782612323761,0.6311580538749695
52,0.6722532510757446,0.5988220572471619,0.634782612323761,0.6313400864601135
53,0.6722532510757446,0.5983969569206238,0.634782612323761,0.6322742104530334
54,0.6759776473045349,0.5976189970970154,0.634782612323761,0.6323341727256775
55,0.6759776473045349,0.5969817638397217,0.634782612323761,0.6334182024002075
56,0.6741154789924622,0.596412718296051,0.634782612323761,0.6332802772521973
57,0.6741154789924622,0.5958758592605591,0.634782612323761,0.6340320706367493
58,0.6741154789924622,0.5950901508331299,0.634782612323761,0.6338104009628296
59,0.6722532510757446,0.5946708917617798,0.634782612323761,0.6345115303993225
60,0.6722532510757446,0.5939709544181824,0.634782612323761,0.635409414768219
61,0.6722532510757446,0.5935177206993103,0.634782612323761,0.6356229782104492
62,0.6741154789924622,0.5931445956230164,0.634782612323761,0.6357676386833191
63,0.6778398752212524,0.5925573706626892,0.634782612323761,0.6367883682250977
64,0.6778398752212524,0.5921723246574402,0.634782612323761,0.6364891529083252
65,0.6778398752212524,0.5916855931282043,0.634782612323761,0.6367884278297424
66,0.685288667678833,0.5910650491714478,0.634782612323761,0.6381434798240662
67,0.6815642714500427,0.590753436088562,0.634782612323761,0.637435257434845
68,0.6815642714500427,0.5902400016784668,0.634782612323761,0.638231635093689
69,0.6815642714500427,0.5896083116531372,0.634782612323761,0.6396119594573975
70,0.6815642714500427,0.5892741084098816,0.634782612323761,0.6399000287055969
71,0.6834264397621155,0.5889959931373596,0.634782612323761,0.6402313709259033
72,0.6815642714500427,0.5884036421775818,0.634782612323761,0.6401830315589905
73,0.685288667678833,0.5882728099822998,0.634782612323761,0.6405210494995117
74,0.6815642714500427,0.5876405835151672,0.634782612323761,0.6410131454467773
75,0.6815642714500427,0.5872532725334167,0.634782612323761,0.6408220529556274
76,0.6797020435333252,0.5868951678276062,0.634782612323761,0.6412848830223083
77,0.6815642714500427,0.5864547491073608,0.634782612323761,0.6420857310295105
78,0.6778398752212524,0.5862160325050354,0.634782612323761,0.6415585875511169
79,0.6778398752212524,0.5858590602874756,0.634782612323761,0.6419756412506104
80,0.6815642714500427,0.5856463313102722,0.634782612323761,0.6422575116157532
81,0.6797020435333252,0.5850152969360352,0.626086950302124,0.6430254578590393
82,0.6797020435333252,0.5848524570465088,0.626086950302124,0.6429111361503601
83,0.6797020435333252,0.5843755602836609,0.626086950302124,0.6431233286857605
84,0.6797020435333252,0.5840979218482971,0.626086950302124,0.64328932762146
85,0.6797020435333252,0.584038257598877,0.626086950302124,0.6438074707984924
86,0.6834264397621155,0.5834560394287109,0.626086950302124,0.6440854668617249
87,0.6834264397621155,0.5832312703132629,0.626086950302124,0.6442941427230835
88,0.6815642714500427,0.5827295184135437,0.626086950302124,0.6438422799110413
89,0.6797020435333252,0.5825824737548828,0.626086950302124,0.6446687579154968
90,0.685288667678833,0.5822775959968567,0.626086950302124,0.6447908878326416
91,0.6834264397621155,0.5820544958114624,0.626086950302124,0.6447066068649292
92,0.685288667678833,0.5816270112991333,0.6173912882804871,0.6452003121376038
93,0.6871508359909058,0.581466794013977,0.6173912882804871,0.645430326461792
94,0.6815642714500427,0.5811326503753662,0.6173912882804871,0.6454103589057922
95,0.6871508359909058,0.5810158252716064,0.6086956262588501,0.644769549369812
96,0.6890130639076233,0.5806143283843994,0.6086956262588501,0.644959032535553
97,0.6871508359909058,0.5804925560951233,0.6086956262588501,0.6460807919502258
98,0.6871508359909058,0.5802326202392578,0.6086956262588501,0.6458001732826233
99,0.685288667678833,0.5798925161361694,0.6086956262588501,0.6454786062240601
100,0.6890130639076233,0.5796740055084229,0.6086956262588501,0.64585280418396
101,0.6871508359909058,0.5795634984970093,0.6086956262588501,0.6452982425689697
102,0.6871508359909058,0.5795611143112183,0.6086956262588501,0.6462051272392273
103,0.685288667678833,0.5791433453559875,0.6086956262588501,0.6465729475021362
104,0.685288667678833,0.5787318348884583,0.6086956262588501,0.6459054946899414
105,0.6871508359909058,0.5785846710205078,0.6086956262588501,0.6460384130477905
106,0.6871508359909058,0.578268826007843,0.6086956262588501,0.6461188197135925
107,0.6871508359909058,0.5783390402793884,0.6086956262588501,0.6461286544799805
108,0.6890130639076233,0.578071117401123,0.6086956262588501,0.6462884545326233
109,0.6834264397621155,0.57772296667099,0.6086956262588501,0.6462984085083008
110,0.685288667678833,0.5776053071022034,0.6086956262588501,0.6453298926353455
111,0.6890130639076233,0.5772895216941833,0.6086956262588501,0.6461721062660217
112,0.6890130639076233,0.5771948099136353,0.6086956262588501,0.6455901861190796
113,0.690875232219696,0.5768681764602661,0.6086956262588501,0.6457024812698364
114,0.690875232219696,0.5767148733139038,0.6086956262588501,0.6456210017204285
115,0.6890130639076233,0.5764676332473755,0.6086956262588501,0.6455174088478088
116,0.690875232219696,0.5763705968856812,0.6086956262588501,0.6459010243415833
117,0.6945996284484863,0.5763656497001648,0.6086956262588501,0.6459188461303711
118,0.6871508359909058,0.5760664939880371,0.6086956262588501,0.6451208591461182
119,0.6890130639076233,0.5758416652679443,0.6086956262588501,0.6455789804458618
120,0.6964617967605591,0.5759302377700806,0.6086956262588501,0.6458666324615479
121,0.690875232219696,0.5754513144493103,0.6086956262588501,0.645314633846283
122,0.6964617967605591,0.5754257440567017,0.6086956262588501,0.6457648873329163
123,0.690875232219696,0.5753023028373718,0.6086956262588501,0.6453300714492798
124,0.690875232219696,0.5749549865722656,0.6086956262588501,0.645297646522522
125,0.6890130639076233,0.5748504400253296,0.6086956262588501,0.6453272700309753
126,0.6927374005317688,0.5745686888694763,0.6086956262588501,0.6452295780181885
127,0.6927374005317688,0.5743743181228638,0.6086956262588501,0.644722044467926
128,0.6890130639076233,0.5744228363037109,0.6086956262588501,0.6452863216400146
129,0.6890130639076233,0.5741572380065918,0.6086956262588501,0.644731342792511
130,0.6890130639076233,0.5739446878433228,0.6086956262588501,0.6447174549102783
131,0.6871508359909058,0.5737600326538086,0.6086956262588501,0.6445040702819824
132,0.6871508359909058,0.5736262798309326,0.6173912882804871,0.6446242332458496
133,0.6871508359909058,0.5737662315368652,0.6173912882804871,0.6451262831687927
134,0.6834264397621155,0.5734238028526306,0.6173912882804871,0.6445949673652649
135,0.6871508359909058,0.5730813145637512,0.626086950302124,0.6443137526512146
136,0.6871508359909058,0.5729473829269409,0.6173912882804871,0.6441317200660706
137,0.6871508359909058,0.5726895332336426,0.626086950302124,0.6439118385314941
138,0.6890130639076233,0.5726203322410583,0.626086950302124,0.6443750262260437
139,0.6890130639076233,0.5726222395896912,0.626086950302124,0.6441968083381653
140,0.6834264397621155,0.5724574327468872,0.6173912882804871,0.6441408395767212
141,0.685288667678833,0.5722054243087769,0.626086950302124,0.6433586478233337
142,0.6871508359909058,0.5720203518867493,0.626086950302124,0.6433310508728027
143,0.6871508359909058,0.5720009207725525,0.626086950302124,0.6437585949897766
144,0.6890130639076233,0.5717213749885559,0.626086950302124,0.6436315178871155
145,0.6890130639076233,0.5717488527297974,0.626086950302124,0.6434893012046814
146,0.6871508359909058,0.5716325640678406,0.626086950302124,0.6435527205467224
147,0.6871508359909058,0.5714583992958069,0.626086950302124,0.6432414054870605
148,0.6871508359909058,0.5711780190467834,0.626086950302124,0.6434074640274048
149,0.6871508359909058,0.5711258053779602,0.626086950302124,0.64366614818573
150,0.6871508359909058,0.5710145235061646,0.626086950302124,0.6437468528747559
151,0.6871508359909058,0.5708486437797546,0.626086950302124,0.6432473659515381
152,0.6871508359909058,0.5707486271858215,0.626086950302124,0.6429351568222046
153,0.6871508359909058,0.5707234144210815,0.626086950302124,0.6427506804466248
154,0.6871508359909058,0.570511519908905,0.626086950302124,0.6425548195838928
155,0.6871508359909058,0.5704568028450012,0.626086950302124,0.6432871222496033
156,0.6871508359909058,0.5702755451202393,0.626086950302124,0.6425448060035706
157,0.6871508359909058,0.5700220465660095,0.626086950302124,0.64256751537323
158,0.6871508359909058,0.5698909163475037,0.626086950302124,0.641930341720581
159,0.6871508359909058,0.5697484016418457,0.626086950302124,0.6422091722488403
160,0.6871508359909058,0.5700408816337585,0.626086950302124,0.642680823802948
161,0.6890130639076233,0.5697932243347168,0.626086950302124,0.642069935798645
162,0.6890130639076233,0.5696166753768921,0.626086950302124,0.6420960426330566
163,0.6890130639076233,0.5694739818572998,0.626086950302124,0.6420084834098816
164,0.690875232219696,0.569659411907196,0.626086950302124,0.6426878571510315
165,0.690875232219696,0.569376528263092,0.626086950302124,0.6415851712226868
166,0.690875232219696,0.569162905216217,0.626086950302124,0.6422893404960632
167,0.690875232219696,0.5691463351249695,0.626086950302124,0.6415726542472839
168,0.690875232219696,0.5689796805381775,0.626086950302124,0.6425764560699463
169,0.690875232219696,0.5688248872756958,0.626086950302124,0.6418396830558777
170,0.690875232219696,0.5687955617904663,0.626086950302124,0.6420465707778931
171,0.6927374005317688,0.5686103701591492,0.626086950302124,0.6412891149520874
172,0.690875232219696,0.5687108635902405,0.626086950302124,0.6418033242225647
173,0.6890130639076233,0.568457305431366,0.626086950302124,0.641606867313385
174,0.690875232219696,0.5682938098907471,0.626086950302124,0.6415793299674988
175,0.690875232219696,0.5682281255722046,0.626086950302124,0.6416017413139343
176,0.6945996284484863,0.5681784749031067,0.6173912882804871,0.6414207816123962
177,0.6945996284484863,0.5680712461471558,0.626086950302124,0.641408383846283
178,0.6945996284484863,0.5680990815162659,0.626086950302124,0.6416635513305664
179,0.690875232219696,0.5680209398269653,0.626086950302124,0.6418274641036987
180,0.690875232219696,0.5682290196418762,0.626086950302124,0.6406152844429016
181,0.690875232219696,0.5680136680603027,0.626086950302124,0.64131098985672
182,0.6927374005317688,0.5675146579742432,0.626086950302124,0.6412704586982727
183,0.6927374005317688,0.5677054524421692,0.6173912882804871,0.6407166123390198
184,0.6945996284484863,0.567472517490387,0.6173912882804871,0.6409194469451904
185,0.6927374005317688,0.5673713088035583,0.6173912882804871,0.6407797932624817
186,0.6945996284484863,0.5673584342002869,0.6173912882804871,0.6412211656570435
187,0.6927374005317688,0.5672076344490051,0.6173912882804871,0.6411742568016052
188,0.6945996284484863,0.5671708583831787,0.6173912882804871,0.6411325335502625
189,0.690875232219696,0.5673568844795227,0.626086950302124,0.6413211226463318
190,0.6945996284484863,0.5670579075813293,0.6173912882804871,0.6401560306549072
191,0.6945996284484863,0.5668163895606995,0.6173912882804871,0.6405497193336487
192,0.6927374005317688,0.5670660734176636,0.6173912882804871,0.641114354133606
193,0.6945996284484863,0.5668331384658813,0.6173912882804871,0.640373170375824
194,0.6945996284484863,0.5668767094612122,0.6173912882804871,0.641002357006073
195,0.6945996284484863,0.5666994452476501,0.6173912882804871,0.6406629085540771
196,0.6964617967605591,0.5666243433952332,0.6173912882804871,0.6408292055130005
197,0.6927374005317688,0.5667446851730347,0.6173912882804871,0.6403597593307495
198,0.6927374005317688,0.5665461421012878,0.6173912882804871,0.6404786705970764
199,0.6927374005317688,0.5663262009620667,0.6173912882804871,0.6408296227455139
200,0.6927374005317688,0.5663250684738159,0.6173912882804871,0.6403942108154297
201,0.6945996284484863,0.5662358999252319,0.6173912882804871,0.6403815746307373
202,0.6964617967605591,0.566247820854187,0.6173912882804871,0.6398155093193054
203,0.6945996284484863,0.566274106502533,0.6173912882804871,0.63992840051651
204,0.6964617967605591,0.5661365389823914,0.6173912882804871,0.6401131749153137
205,0.6964617967605591,0.5659510493278503,0.6173912882804871,0.6399285197257996
206,0.6945996284484863,0.565997838973999,0.6173912882804871,0.6398595571517944
207,0.6945996284484863,0.5659816265106201,0.6173912882804871,0.6400967240333557
208,0.6945996284484863,0.5659233331680298,0.6173912882804871,0.6395462155342102
209,0.6927374005317688,0.5659773349761963,0.6173912882804871,0.6402443051338196
210,0.6927374005317688,0.5657151341438293,0.6173912882804871,0.6401020884513855
211,0.6927374005317688,0.5657036304473877,0.6173912882804871,0.6396793723106384
212,0.6927374005317688,0.5655859112739563,0.6173912882804871,0.6396730542182922
213,0.690875232219696,0.5655897259712219,0.6173912882804871,0.6398437023162842
214,0.6927374005317688,0.5654794573783875,0.6173912882804871,0.6397374868392944
215,0.6964617967605591,0.5655542016029358,0.6173912882804871,0.6402269005775452
216,0.690875232219696,0.5657333731651306,0.6173912882804871,0.6396832466125488
217,0.6945996284484863,0.5653436183929443,0.6173912882804871,0.639860212802887
218,0.6964617967605591,0.5654187202453613,0.6173912882804871,0.6400132775306702
219,0.6983240246772766,0.5655811429023743,0.6173912882804871,0.63932204246521
220,0.6964617967605591,0.5650800466537476,0.6173912882804871,0.6398977637290955
221,0.6927374005317688,0.5654724836349487,0.6173912882804871,0.6394389867782593
222,0.690875232219696,0.5651715993881226,0.6173912882804871,0.6392858624458313
223,0.6983240246772766,0.5648051500320435,0.6173912882804871,0.6395586133003235
224,0.6983240246772766,0.5650941133499146,0.6173912882804871,0.6392796635627747
225,0.6983240246772766,0.5647748708724976,0.6173912882804871,0.6392461657524109
226,0.6983240246772766,0.5647784471511841,0.6173912882804871,0.6392247676849365
227,0.6983240246772766,0.5647897124290466,0.6173912882804871,0.6391254663467407
228,0.6983240246772766,0.564917266368866,0.6173912882804871,0.6392199993133545
229,0.6983240246772766,0.5648552775382996,0.6173912882804871,0.6393610239028931
230,0.6983240246772766,0.5645806193351746,0.6173912882804871,0.6391427516937256
231,0.6983240246772766,0.5645700097084045,0.6173912882804871,0.638972818851471
232,0.7001861929893494,0.5647598505020142,0.6173912882804871,0.6390930414199829
233,0.6945996284484863,0.5644496083259583,0.6173912882804871,0.6391065120697021
234,0.6983240246772766,0.5645454525947571,0.6173912882804871,0.6390877366065979
235,0.6983240246772766,0.5642363429069519,0.6173912882804871,0.6393235325813293
236,0.6983240246772766,0.5643361210823059,0.6173912882804871,0.6385458111763
237,0.6983240246772766,0.5642493367195129,0.6173912882804871,0.6388463377952576
238,0.6983240246772766,0.564156174659729,0.6173912882804871,0.6393155455589294
239,0.6983240246772766,0.5642443299293518,0.6173912882804871,0.6382126808166504
240,0.7001861929893494,0.5640857815742493,0.6173912882804871,0.638562023639679
241,0.6964617967605591,0.564037561416626,0.6173912882804871,0.6393518447875977
242,0.7001861929893494,0.5641001462936401,0.6173912882804871,0.6383979916572571
243,0.6983240246772766,0.563926637172699,0.6173912882804871,0.6389939785003662
244,0.6945996284484863,0.563819944858551,0.6173912882804871,0.6391221880912781
245,0.6983240246772766,0.5636855959892273,0.6173912882804871,0.6387206315994263
246,0.6983240246772766,0.5637826919555664,0.6173912882804871,0.6387172937393188
247,0.6983240246772766,0.5636089444160461,0.6173912882804871,0.6385268568992615
248,0.7001861929893494,0.5637027025222778,0.6173912882804871,0.6382906436920166
249,0.6983240246772766,0.5635340213775635,0.6173912882804871,0.6385951638221741
250,0.7001861929893494,0.5636312961578369,0.6173912882804871,0.6384491920471191
251,0.7001861929893494,0.5634632110595703,0.6173912882804871,0.6379282474517822
252,0.6983240246772766,0.5635174512863159,0.6173912882804871,0.6371862292289734
253,0.6964617967605591,0.5633766055107117,0.6173912882804871,0.6385898590087891
254,0.6945996284484863,0.5634289383888245,0.6173912882804871,0.6381037831306458
255,0.6983240246772766,0.5632635951042175,0.6173912882804871,0.638573169708252
256,0.6983240246772766,0.5632390379905701,0.6173912882804871,0.6385233998298645
257,0.6983240246772766,0.5632235407829285,0.6173912882804871,0.6373342275619507
258,0.6983240246772766,0.5632717609405518,0.6173912882804871,0.6381163597106934
259,0.6964617967605591,0.5629129409790039,0.6173912882804871,0.6382190585136414
260,0.6927374005317688,0.5629022121429443,0.6173912882804871,0.6376504898071289
261,0.6945996284484863,0.5630743503570557,0.6173912882804871,0.6371633410453796
262,0.690875232219696,0.5629698634147644,0.6173912882804871,0.6375734210014343
263,0.6945996284484863,0.5629164576530457,0.6173912882804871,0.6379300355911255
264,0.6983240246772766,0.562700629234314,0.6173912882804871,0.6382079124450684
265,0.6964617967605591,0.5628187656402588,0.6173912882804871,0.6373301148414612
266,0.6964617967605591,0.5626590847969055,0.6173912882804871,0.6375731229782104
267,0.6964617967605591,0.5625006556510925,0.6173912882804871,0.637761652469635
268,0.6964617967605591,0.5626673102378845,0.6173912882804871,0.6375927329063416
269,0.6964617967605591,0.562342643737793,0.6173912882804871,0.6377837657928467
270,0.6927374005317688,0.5624823570251465,0.6173912882804871,0.6378082036972046
271,0.6945996284484863,0.5623666048049927,0.6173912882804871,0.6374459862709045
272,0.6945996284484863,0.5622507929801941,0.6173912882804871,0.6374373435974121
273,0.6964617967605591,0.5625215768814087,0.6173912882804871,0.6372614502906799
274,0.6945996284484863,0.5623214244842529,0.6173912882804871,0.6378008723258972
275,0.690875232219696,0.562090277671814,0.6173912882804871,0.6379364728927612
276,0.690875232219696,0.562251627445221,0.6173912882804871,0.6372523903846741
277,0.6927374005317688,0.5620855689048767,0.6173912882804871,0.6374499201774597
278,0.6964617967605591,0.562065064907074,0.6173912882804871,0.6372338533401489
279,0.6927374005317688,0.5619910955429077,0.6173912882804871,0.6370417475700378
280,0.6890130639076233,0.5619946718215942,0.6173912882804871,0.6368973255157471
281,0.6890130639076233,0.5620121359825134,0.6173912882804871,0.6375561356544495
282,0.6890130639076233,0.5618923902511597,0.6173912882804871,0.6370996832847595
283,0.6945996284484863,0.562137246131897,0.626086950302124,0.6369682550430298
284,0.690875232219696,0.5617778301239014,0.626086950302124,0.6366653442382812
285,0.6871508359909058,0.5617098212242126,0.6173912882804871,0.6373069882392883
286,0.6871508359909058,0.5614936947822571,0.6173912882804871,0.6368072628974915
287,0.6890130639076233,0.5617526173591614,0.6173912882804871,0.6373559832572937
288,0.6871508359909058,0.5614854693412781,0.6173912882804871,0.6371909976005554
289,0.6871508359909058,0.5614964962005615,0.6173912882804871,0.6366739273071289
290,0.6890130639076233,0.5614407062530518,0.6173912882804871,0.6367435455322266
291,0.6871508359909058,0.5612969994544983,0.6086956262588501,0.6359310150146484
292,0.685288667678833,0.5614047050476074,0.6173912882804871,0.6365354061126709
293,0.6890130639076233,0.5612013936042786,0.6173912882804871,0.6372416615486145
294,0.685288667678833,0.5613144040107727,0.6173912882804871,0.6360328197479248
295,0.6871508359909058,0.5611737966537476,0.6086956262588501,0.63652503490448
296,0.6834264397621155,0.5611956715583801,0.6173912882804871,0.6365626454353333
297,0.6871508359909058,0.560960054397583,0.6173912882804871,0.6360170841217041
298,0.6871508359909058,0.561074435710907,0.6173912882804871,0.6365771889686584
299,0.6871508359909058,0.5609918236732483,0.6173912882804871,0.6371121406555176
300,0.6834264397621155,0.5608699917793274,0.6086956262588501,0.6364796757698059
301,0.685288667678833,0.5607494115829468,0.6086956262588501,0.6363791823387146
302,0.685288667678833,0.5607969760894775,0.6173912882804871,0.6365123987197876
303,0.6890130639076233,0.5609006881713867,0.6173912882804871,0.6364169716835022
304,0.685288667678833,0.5606444478034973,0.6086956262588501,0.6360857486724854
305,0.685288667678833,0.5608497858047485,0.6173912882804871,0.6360241174697876
306,0.6834264397621155,0.5604047775268555,0.6086956262588501,0.6363659501075745
307,0.6834264397621155,0.560450553894043,0.6086956262588501,0.6364673376083374
308,0.6834264397621155,0.56040358543396,0.6173912882804871,0.6360544562339783
309,0.6834264397621155,0.5603841543197632,0.626086950302124,0.6362355947494507
310,0.6834264397621155,0.5602056384086609,0.6086956262588501,0.6362674832344055
311,0.6834264397621155,0.5602726936340332,0.6086956262588501,0.6363614201545715
312,0.6834264397621155,0.5602794289588928,0.6086956262588501,0.6366188526153564
313,0.6871508359909058,0.5601177215576172,0.626086950302124,0.6358981728553772
314,0.685288667678833,0.5601699948310852,0.6173912882804871,0.6358736157417297
315,0.6834264397621155,0.5601766705513,0.6173912882804871,0.6363196969032288
316,0.685288667678833,0.5600693225860596,0.634782612323761,0.635839581489563
317,0.685288667678833,0.559907853603363,0.626086950302124,0.6361040472984314
318,0.6890130639076233,0.5600596070289612,0.626086950302124,0.6357646584510803
319,0.685288667678833,0.5597478747367859,0.626086950302124,0.636152446269989
320,0.6834264397621155,0.5597633719444275,0.626086950302124,0.6359665393829346
321,0.685288667678833,0.5596239566802979,0.626086950302124,0.6358292698860168
322,0.685288667678833,0.5596939921379089,0.634782612323761,0.6362820863723755
323,0.685288667678833,0.5598129034042358,0.626086950302124,0.6361554265022278
324,0.685288667678833,0.55976802110672,0.626086950302124,0.6355876326560974
325,0.685288667678833,0.5594281554222107,0.634782612323761,0.6362280249595642
326,0.685288667678833,0.5596400499343872,0.634782612323761,0.6356803178787231
327,0.685288667678833,0.5593505501747131,0.626086950302124,0.635938823223114
328,0.6890130639076233,0.5594120025634766,0.634782612323761,0.6359255313873291
329,0.6890130639076233,0.5594368577003479,0.634782612323761,0.6363555192947388
330,0.6871508359909058,0.5591508746147156,0.626086950302124,0.6358131170272827
331,0.690875232219696,0.5592209100723267,0.626086950302124,0.6361987590789795
332,0.6890130639076233,0.5590934157371521,0.626086950302124,0.6357188820838928
333,0.690875232219696,0.5591297745704651,0.626086950302124,0.6360822319984436
334,0.6890130639076233,0.5591589212417603,0.626086950302124,0.6361146569252014
335,0.6890130639076233,0.5590071082115173,0.626086950302124,0.6354882717132568
336,0.690875232219696,0.5590748190879822,0.626086950302124,0.6360701322555542
337,0.690875232219696,0.55899977684021,0.634782612323761,0.6360787153244019
338,0.6945996284484863,0.5589596033096313,0.626086950302124,0.6358288526535034
339,0.690875232219696,0.5587545037269592,0.626086950302124,0.6363905072212219
340,0.6927374005317688,0.5588220357894897,0.634782612323761,0.6357640624046326
341,0.6927374005317688,0.5587934851646423,0.626086950302124,0.6359821557998657
342,0.6927374005317688,0.5586249232292175,0.643478274345398,0.635630190372467
343,0.690875232219696,0.5586333274841309,0.626086950302124,0.6357987523078918
344,0.6890130639076233,0.5585590600967407,0.626086950302124,0.6359879970550537
345,0.690875232219696,0.5585224032402039,0.643478274345398,0.6356304883956909
346,0.6927374005317688,0.5586094856262207,0.634782612323761,0.635899543762207
347,0.6890130639076233,0.558400571346283,0.643478274345398,0.635511040687561
348,0.690875232219696,0.5585303902626038,0.626086950302124,0.6358768343925476
349,0.690875232219696,0.5583704113960266,0.643478274345398,0.635574221611023
350,0.690875232219696,0.558251142501831,0.634782612323761,0.6359809041023254
351,0.6927374005317688,0.5585214495658875,0.634782612323761,0.6357667446136475
352,0.6890130639076233,0.5582122206687927,0.634782612323761,0.6356263756752014
353,0.6890130639076233,0.5580240488052368,0.634782612323761,0.6356948018074036
354,0.6927374005317688,0.5582727789878845,0.634782612323761,0.6360890865325928
355,0.6890130639076233,0.5579968690872192,0.634782612323761,0.6359032392501831
356,0.6945996284484863,0.5582005977630615,0.643478274345398,0.6359627842903137
357,0.6945996284484863,0.5579197406768799,0.634782612323761,0.6362625956535339
358,0.690875232219696,0.5579266548156738,0.634782612323761,0.635867178440094
359,0.690875232219696,0.5579816699028015,0.643478274345398,0.6356143951416016
360,0.6945996284484863,0.5576899647712708,0.643478274345398,0.6356672048568726
361,0.6945996284484863,0.5578333139419556,0.634782612323761,0.6361124515533447
362,0.6890130639076233,0.5578135251998901,0.634782612323761,0.6352996826171875
363,0.6890130639076233,0.5578190088272095,0.643478274345398,0.6357128620147705
364,0.6927374005317688,0.5575975775718689,0.643478274345398,0.6354948878288269
365,0.6927374005317688,0.5576342344284058,0.643478274345398,0.6360501050949097
366,0.6945996284484863,0.557490348815918,0.643478274345398,0.6356950402259827
367,0.6927374005317688,0.5573862791061401,0.643478274345398,0.6358994245529175
368,0.6927374005317688,0.5574090480804443,0.643478274345398,0.6359675526618958
369,0.6945996284484863,0.5573016405105591,0.643478274345398,0.6358263492584229
370,0.6927374005317688,0.5573437809944153,0.634782612323761,0.6356461048126221
371,0.6983240246772766,0.5574005246162415,0.643478274345398,0.6355249881744385
372,0.6983240246772766,0.5573830604553223,0.643478274345398,0.6357143521308899
373,0.6945996284484863,0.557181715965271,0.626086950302124,0.6363434791564941
374,0.6964617967605591,0.5572056174278259,0.634782612323761,0.636435329914093
375,0.6964617967605591,0.5571650266647339,0.626086950302124,0.6363883018493652
376,0.6945996284484863,0.5570082068443298,0.634782612323761,0.63630211353302
377,0.6945996284484863,0.5571169257164001,0.626086950302124,0.6361153721809387
378,0.6983240246772766,0.5569341778755188,0.626086950302124,0.636113703250885
379,0.6964617967605591,0.5570798516273499,0.626086950302124,0.636003315448761
380,0.6983240246772766,0.5570263862609863,0.634782612323761,0.636099636554718
381,0.6983240246772766,0.5566682815551758,0.634782612323761,0.636027991771698
382,0.6983240246772766,0.556807279586792,0.634782612323761,0.6359286308288574
383,0.6983240246772766,0.5570578575134277,0.634782612323761,0.6354688405990601
384,0.7020484209060669,0.5567171573638916,0.634782612323761,0.6364352107048035
385,0.6983240246772766,0.5566551089286804,0.626086950302124,0.636019766330719
386,0.6983240246772766,0.5566301941871643,0.626086950302124,0.6365545988082886
387,0.6983240246772766,0.5565454959869385,0.626086950302124,0.6367369294166565
388,0.7001861929893494,0.5567154884338379,0.634782612323761,0.6362438797950745
389,0.6983240246772766,0.5565961003303528,0.634782612323761,0.6362732648849487
390,0.7001861929893494,0.5565682053565979,0.626086950302124,0.636852502822876
391,0.7001861929893494,0.5564795732498169,0.634782612323761,0.6362141370773315
392,0.6983240246772766,0.5564697980880737,0.626086950302124,0.6365229487419128
393,0.7001861929893494,0.5563632249832153,0.634782612323761,0.637185275554657
394,0.7001861929893494,0.556285560131073,0.626086950302124,0.6367776989936829
395,0.6983240246772766,0.5562527179718018,0.634782612323761,0.6366581320762634
396,0.7020484209060669,0.5562034845352173,0.634782612323761,0.6367515921592712
397,0.7039105892181396,0.5563305020332336,0.634782612323761,0.636404275894165
398,0.7020484209060669,0.556390106678009,0.626086950302124,0.6369863152503967
399,0.6964617967605591,0.5561142563819885,0.626086950302124,0.6367485523223877
400,0.7020484209060669,0.5562834143638611,0.634782612323761,0.6366875171661377
401,0.6964617967605591,0.5560378432273865,0.634782612323761,0.637161374092102
402,0.7020484209060669,0.556045651435852,0.634782612323761,0.6371426582336426
403,0.7020484209060669,0.5560271143913269,0.634782612323761,0.637108564376831
404,0.7001861929893494,0.5560940504074097,0.626086950302124,0.6372936964035034
405,0.6983240246772766,0.5558394193649292,0.634782612323761,0.6373122930526733
406,0.7020484209060669,0.5559141635894775,0.634782612323761,0.6369566917419434
407,0.7020484209060669,0.555769681930542,0.634782612323761,0.6367849707603455
408,0.7020484209060669,0.5557357668876648,0.634782612323761,0.6371027231216431
409,0.7001861929893494,0.5556712746620178,0.634782612323761,0.6371386051177979
410,0.7001861929893494,0.5557256937026978,0.634782612323761,0.6368032693862915
411,0.7020484209060669,0.5556897521018982,0.634782612323761,0.6369817852973938
412,0.7001861929893494,0.5555160641670227,0.634782612323761,0.6373777985572815
413,0.7001861929893494,0.555523693561554,0.634782612323761,0.6373821496963501
414,0.7020484209060669,0.5555675029754639,0.634782612323761,0.6371710300445557
415,0.7001861929893494,0.5555089712142944,0.634782612323761,0.6378676891326904
416,0.6964617967605591,0.5558067560195923,0.6173912882804871,0.6375583410263062
417,0.7001861929893494,0.5554719567298889,0.634782612323761,0.6375168561935425
418,0.7001861929893494,0.555633008480072,0.626086950302124,0.637887179851532
419,0.7001861929893494,0.5554202198982239,0.634782612323761,0.6377207636833191
420,0.7001861929893494,0.5553409457206726,0.634782612323761,0.6380250453948975
421,0.7020484209060669,0.555310070514679,0.634782612323761,0.6377065777778625
422,0.7020484209060669,0.5551892518997192,0.634782612323761,0.6376475691795349
423,0.7001861929893494,0.5551691651344299,0.634782612323761,0.6379749178886414
424,0.7001861929893494,0.5552113056182861,0.634782612323761,0.637489914894104
425,0.7020484209060669,0.555010974407196,0.634782612323761,0.6377200484275818
426,0.7001861929893494,0.5550851821899414,0.634782612323761,0.6381468176841736
427,0.7076349854469299,0.5552176833152771,0.634782612323761,0.63811194896698
428,0.7057728171348572,0.5551030039787292,0.634782612323761,0.6382277607917786
429,0.7020484209060669,0.5551316142082214,0.626086950302124,0.6386135816574097
430,0.7039105892181396,0.5548532009124756,0.634782612323761,0.6380402445793152
431,0.7039105892181396,0.5548380017280579,0.634782612323761,0.6383742690086365
432,0.7039105892181396,0.5547791123390198,0.634782612323761,0.6384809613227844
433,0.7039105892181396,0.5547853112220764,0.634782612323761,0.6387906074523926
434,0.7039105892181396,0.554794192314148,0.634782612323761,0.638421356678009
435,0.7039105892181396,0.5548283457756042,0.634782612323761,0.638788640499115
436,0.7020484209060669,0.5546594858169556,0.634782612323761,0.6382796168327332
437,0.7039105892181396,0.5546553730964661,0.634782612323761,0.638696014881134
438,0.7057728171348572,0.554692804813385,0.634782612323761,0.6386094093322754
439,0.7057728171348572,0.5544560551643372,0.634782612323761,0.6385928988456726
440,0.7020484209060669,0.5547317862510681,0.634782612323761,0.6386509537696838
441,0.7039105892181396,0.5546823143959045,0.634782612323761,0.6384730339050293
442,0.7057728171348572,0.5546541213989258,0.634782612323761,0.6390406489372253
443,0.7039105892181396,0.5544136166572571,0.634782612323761,0.6391264796257019
444,0.7057728171348572,0.5544329881668091,0.634782612323761,0.6385830044746399
445,0.7057728171348572,0.554334282875061,0.634782612323761,0.6389735341072083
446,0.7020484209060669,0.5545559525489807,0.643478274345398,0.6391353607177734
447,0.7076349854469299,0.5543169975280762,0.634782612323761,0.6392676830291748
448,0.7039105892181396,0.5542305111885071,0.634782612323761,0.6394813656806946
449,0.7039105892181396,0.5542470812797546,0.634782612323761,0.6396812200546265
450,0.7020484209060669,0.5541833639144897,0.634782612323761,0.6394492387771606
451,0.7057728171348572,0.5542431473731995,0.634782612323761,0.6392291784286499
452,0.7076349854469299,0.5542042255401611,0.634782612323761,0.6392834186553955
453,0.7039105892181396,0.5540946125984192,0.634782612323761,0.6391030550003052
454,0.7039105892181396,0.5540704131126404,0.634782612323761,0.6396309733390808
455,0.7057728171348572,0.5539552569389343,0.643478274345398,0.6400403380393982
456,0.7039105892181396,0.554022490978241,0.643478274345398,0.6399570107460022
457,0.7039105892181396,0.5539788603782654,0.643478274345398,0.6398108005523682
458,0.7094972133636475,0.5539590716362,0.643478274345398,0.6400963664054871
459,0.7076349854469299,0.5538638234138489,0.643478274345398,0.64002925157547
460,0.7076349854469299,0.5539559721946716,0.643478274345398,0.6398087739944458
461,0.7039105892181396,0.5539449453353882,0.643478274345398,0.6400684714317322
462,0.7020484209060669,0.5538586378097534,0.634782612323761,0.6404469609260559
463,0.7057728171348572,0.5538408756256104,0.643478274345398,0.6399909257888794
464,0.7076349854469299,0.5536831021308899,0.643478274345398,0.6403751969337463
465,0.7039105892181396,0.5538177490234375,0.643478274345398,0.6404669880867004
466,0.7057728171348572,0.5537075400352478,0.643478274345398,0.640771746635437
467,0.7076349854469299,0.5536683797836304,0.643478274345398,0.6404712796211243
468,0.7039105892181396,0.5538345575332642,0.643478274345398,0.6406203508377075
469,0.7039105892181396,0.5536266565322876,0.643478274345398,0.6408344507217407
470,0.7057728171348572,0.5536397099494934,0.643478274345398,0.6409710049629211
471,0.7057728171348572,0.5536850690841675,0.643478274345398,0.6408718824386597
472,0.7057728171348572,0.5534010529518127,0.643478274345398,0.6410403251647949
473,0.7057728171348572,0.5534141063690186,0.643478274345398,0.640658974647522
474,0.7057728171348572,0.553392231464386,0.643478274345398,0.6412190794944763
475,0.7057728171348572,0.5534288883209229,0.643478274345398,0.6409167647361755
476,0.7057728171348572,0.5536602735519409,0.634782612323761,0.640838086605072
477,0.7057728171348572,0.5534763932228088,0.643478274345398,0.64070725440979
478,0.7057728171348572,0.5531243085861206,0.643478274345398,0.6409450173377991
479,0.7057728171348572,0.5534161329269409,0.634782612323761,0.6410520672798157
480,0.7076349854469299,0.5532715320587158,0.643478274345398,0.6412181854248047
481,0.7039105892181396,0.5532764792442322,0.643478274345398,0.6411678194999695
482,0.7076349854469299,0.5532671809196472,0.643478274345398,0.6414182186126709
483,0.7057728171348572,0.553184986114502,0.643478274345398,0.6410916447639465
484,0.7057728171348572,0.5531500577926636,0.643478274345398,0.6414405703544617
485,0.7057728171348572,0.5530558824539185,0.643478274345398,0.6415500640869141
486,0.7057728171348572,0.5530121326446533,0.643478274345398,0.6410351991653442
487,0.7076349854469299,0.5529396533966064,0.643478274345398,0.6420780420303345
488,0.7039105892181396,0.5532525181770325,0.634782612323761,0.6414880752563477
489,0.7057728171348572,0.5530054569244385,0.643478274345398,0.6416229009628296
490,0.7094972133636475,0.5530000329017639,0.643478274345398,0.6418649554252625
491,0.7057728171348572,0.5529239177703857,0.643478274345398,0.6414811015129089
492,0.7057728171348572,0.5528492331504822,0.643478274345398,0.6419006586074829
493,0.7076349854469299,0.5528919100761414,0.643478274345398,0.6417142748832703
494,0.7076349854469299,0.5528184771537781,0.643478274345398,0.6419665217399597
495,0.7039105892181396,0.5530466437339783,0.643478274345398,0.6411005258560181
496,0.7039105892181396,0.5528497099876404,0.634782612323761,0.6418872475624084
497,0.7057728171348572,0.5526611804962158,0.643478274345398,0.6415024399757385
498,0.7039105892181396,0.5526717901229858,0.643478274345398,0.6415238380432129
499,0.7057728171348572,0.5527154803276062,0.643478274345398,0.6424402594566345
500,0.7057728171348572,0.5525738596916199,0.643478274345398,0.6417635679244995
